<?xml version="1.0" encoding="UTF-8"?>

<beans xmlns="http://www.springframework.org/schema/beans"
 xmlns:aop="http://www.springframework.org/schema/aop"
 xmlns:xsi="http://www.w3.org/2001/XMLSchema-instance"
 xsi:schemaLocation="http://www.springframework.org/schema/beans
  http://www.springframework.org/schema/beans/spring-beans.xsd
  http://www.springframework.org/schema/aop
  http://www.springframework.org/schema/aop/spring-aop.xsd">
	
	<aop:aspectj-autoproxy/> <!-- @Aspect를  읽어들임 -->
	
	<bean id="myAspect2" class="aop015.MyAspect2"/>
	<bean id="myAspect" class="aop015.MyAspect"/>
	
	<bean id="boy" class="aop015.Boy"/>
	<bean id="girl" class="aop015.Girl"/>
	
	<!-- 
	<aop:config>
		<aop:pointcut expression="execution(* runSomething())" id="pc"/>
		<aop:aspect ref="myAspect" order="10">
			<aop:before method="openIn" pointcut-ref="pc"/>
			<aop:after method="closeOut" pointcut-ref="pc"/>
		</aop:aspect>
		<aop:aspect ref="myAspect2" order="20">
			<aop:before method="openIn" pointcut-ref="pc"/>
			<aop:after method="closeOut" pointcut-ref="pc"/>
		</aop:aspect>
	</aop:config>
	 -->
</beans>
