<?xml version="1.0" encoding="UTF-8"?>

<beans xmlns="http://www.springframework.org/schema/beans"
 xmlns:aop="http://www.springframework.org/schema/aop"
 xmlns:xsi="http://www.w3.org/2001/XMLSchema-instance"
 xsi:schemaLocation="http://www.springframework.org/schema/beans
  http://www.springframework.org/schema/beans/spring-beans.xsd
  http://www.springframework.org/schema/aop
  http://www.springframework.org/schema/aop/spring-aop.xsd">
	
	<aop:aspectj-autoproxy/> <!-- @Aspect를  읽어들임 -->
	
	<bean id="myAspect" class="aop003.MyAspect"/>
	
	<bean id="boy" class="aop003.Boy"/>
	<bean id="girl" class="aop003.Girl"/>
	
	<aop:config>
		<aop:aspect ref="myAspect">
			<aop:before method="before" pointcut="execution(* runSomething())"/>
		</aop:aspect>
	</aop:config>
	
</beans>
