<?xml version="1.0" encoding="UTF-8"?>

<beans xmlns="http://www.springframework.org/schema/beans"
 xmlns:aop="http://www.springframework.org/schema/aop"
 xmlns:xsi="http://www.w3.org/2001/XMLSchema-instance"
 xsi:schemaLocation="http://www.springframework.org/schema/beans
  http://www.springframework.org/schema/beans/spring-beans.xsd
  http://www.springframework.org/schema/aop
  http://www.springframework.org/schema/aop/spring-aop.xsd">
	
	<bean id="calcImpl" class="aop04.CalculatorImpl"></bean>
	<bean id="calcRecu" class="aop04.CalculatorRecu"></bean>
	
	<bean id="TimeCalc" class="aop04.ExecTimeCalculator"></bean>
	
	<!--
		 공통 기능으로 만든 TimeCalc가 있으니			(1)
		aop04.Calculator.factorial 호출되면		(2)
		TimeCalc에 measure 메서드를 호출해라.			(3)
	 -->
	<aop:config>
		<aop:aspect id="execTimeCalcAspect" ref="TimeCalc">
			<aop:pointcut expression="execution(public * aop04..*(long))" id="timeMethod"/>
			<aop:around pointcut-ref="timeMethod" method="measure"/>
		</aop:aspect>
	</aop:config>
</beans>
